chapter,version_a,version_b,similarity,supporting_sentence_pairs
0,ba,bb,0.54861111,24
0,ba,fy,0.44143519,24
0,ba,hj,0.49918981,24
0,ba,hs,0.42939815,24
0,ba,wb,0.44814815,24
0,ba,yz,0.41643519,24
0,bb,fy,0.74965278,24
0,bb,hj,0.79143519,24
0,bb,hs,0.73761574,24
0,bb,wb,0.75428241,24
0,bb,yz,0.71215278,24
0,fy,hj,0.90566667,25
0,fy,hs,0.97400000,25
0,fy,wb,0.94733333,25
0,fy,yz,0.95766667,25
0,hj,hs,0.88966667,25
0,hj,wb,0.90966667,25
0,hj,yz,0.85000000,25
0,hs,wb,0.97333333,25
0,hs,yz,0.97366667,25
0,wb,yz,0.94700000,25
1,ba,bb,0.69272727,20
1,ba,fy,0.50913781,20
1,ba,hj,0.60075758,20
1,ba,hs,0.53220238,20
1,ba,wb,0.52664683,20
1,ba,yz,0.49697511,20
1,bb,fy,0.57376082,20
1,bb,hj,0.71745491,20
1,bb,hs,0.59124459,20
1,bb,wb,0.60235570,20
1,bb,yz,0.57298701,20
1,fy,hj,0.65424603,20
1,fy,hs,0.83506494,22
1,fy,wb,0.82572150,22
1,fy,yz,0.83523810,20
1,hj,hs,0.68674603,20
1,hj,wb,0.71833333,20
1,hj,yz,0.66543651,20
1,hs,wb,0.93340548,22
1,hs,yz,0.86773810,20
1,wb,yz,0.85468254,20
2,ba,bb,0.41269841,6
2,ba,fy,0.38492063,6
2,ba,gd,0.34325397,6
2,ba,gd1,0.34325397,6
2,ba,hj,0.46825397,6
2,ba,hs,0.38492063,6
2,ba,wb,0.38492063,6
2,ba,yz,0.38492063,6
2,bb,fy,0.62500000,6
2,bb,gd,0.53571429,6
2,bb,gd1,0.53571429,6
2,bb,hj,0.70833333,6
2,bb,hs,0.60119048,6
2,bb,wb,0.60119048,6
2,bb,yz,0.60119048,6
2,fy,gd,0.45238095,6
2,fy,gd1,0.45238095,6
2,fy,hj,0.87500000,6
2,fy,hs,0.97619048,6
2,fy,wb,0.97619048,6
2,fy,yz,0.97619048,6
2,gd,gd1,1.00000000,6
2,gd,hj,0.52182540,6
2,gd,hs,0.42857143,6
2,gd,wb,0.42857143,6
2,gd,yz,0.42857143,6
2,gd1,hj,0.52182540,6
2,gd1,hs,0.42857143,6
2,gd1,wb,0.42857143,6
2,gd1,yz,0.42857143,6
2,hj,hs,0.85119048,6
2,hj,wb,0.85119048,6
2,hj,yz,0.85119048,6
2,hs,wb,1.00000000,6
2,hs,yz,0.95238095,6
2,wb,yz,0.95238095,6
3,ba,bb,0.12500000,2
3,ba,fy,0.12500000,2
3,ba,gd,0.12500000,2
3,ba,gd2,0.12500000,2
3,ba,hj,0.12500000,2
3,ba,hs,0.12500000,2
3,ba,wb,0.12500000,2
3,ba,yz,0.12500000,2
3,bb,fy,0.55753968,24
3,bb,gd,0.50134576,23
3,bb,gd2,0.50134576,23
3,bb,hj,0.80000000,24
3,bb,hs,0.63492063,24
3,bb,wb,0.62450397,24
3,bb,yz,0.62658730,24
3,fy,gd,0.42318841,23
3,fy,gd2,0.42318841,23
3,fy,hj,0.64295635,24
3,fy,hs,0.86458333,24
3,fy,wb,0.86458333,24
3,fy,yz,0.85625000,24
3,gd,gd2,0.91304348,23
3,gd,hj,0.50496894,23
3,gd,hs,0.43768116,23
3,gd,wb,0.43768116,23
3,gd,yz,0.43768116,23
3,gd2,hj,0.50496894,23
3,gd2,hs,0.43768116,23
3,gd2,wb,0.43768116,23
3,gd2,yz,0.43768116,23
3,hj,hs,0.72033730,24
3,hj,wb,0.70992063,24
3,hj,yz,0.71200397,24
3,hs,wb,0.97916667,24
3,hs,yz,0.98125000,24
3,wb,yz,0.98125000,24
4,ba,bb,0.23650794,15
4,ba,fy,0.32984127,15
4,ba,hj,0.40206349,15
4,ba,hs,0.34190476,15
4,ba,wb,0.34190476,15
4,ba,yz,0.35015873,15
4,bb,fy,0.41142857,15
4,bb,hj,0.42428571,15
4,bb,hs,0.42476190,15
4,bb,wb,0.42476190,15
4,bb,yz,0.43142857,15
4,fy,hj,0.71714286,15
4,fy,hs,0.84476190,15
4,fy,wb,0.85809524,15
4,fy,yz,0.81238095,15
4,hj,hs,0.73968254,15
4,hj,wb,0.73968254,15
4,hj,yz,0.70444444,15
4,hs,wb,0.98666667,15
4,hs,yz,0.91365079,15
4,wb,yz,0.90031746,15
5,ba,bb,0.29659864,7
5,ba,fy,0.58401361,7
5,ba,hj,0.67942177,7
5,ba,hs,0.59353741,7
5,ba,wb,0.61734694,7
5,ba,yz,0.61734694,7
5,bb,fy,0.29897959,7
5,bb,hj,0.32278912,7
5,bb,hs,0.26428571,7
5,bb,wb,0.28809524,7
5,bb,yz,0.26428571,7
5,fy,hj,0.84880952,7
5,fy,hs,0.82380952,7
5,fy,wb,0.82380952,7
5,fy,yz,0.84285714,7
5,hj,hs,0.88214286,7
5,hj,wb,0.90595238,7
5,hj,yz,0.90595238,7
5,hs,wb,0.97142857,7
5,hs,yz,0.95238095,7
5,wb,yz,0.95238095,7
6,ba,bb,0.40000000,1
6,ba,fy,0.76785714,8
6,ba,gd,0.40000000,8
6,ba,gd1,0.40000000,8
6,ba,hj,0.68660714,8
6,ba,hs,0.77500000,8
6,ba,wb,0.76785714,8
6,ba,yz,0.79285714,8
6,bb,fy,0.40000000,1
6,bb,gd,0.20000000,1
6,bb,gd1,0.20000000,1
6,bb,hj,0.20000000,1
6,bb,hs,0.40000000,1
6,bb,wb,0.40000000,1
6,bb,yz,0.40000000,1
6,fy,gd,0.45357143,8
6,fy,gd1,0.45357143,8
6,fy,hj,0.84375000,8
6,fy,hs,0.96428571,8
6,fy,wb,1.00000000,8
6,fy,yz,0.97500000,8
6,gd,gd1,0.97500000,8
6,gd,hj,0.48482143,8
6,gd,hs,0.47500000,8
6,gd,wb,0.45357143,8
6,gd,yz,0.45357143,8
6,gd1,hj,0.48482143,8
6,gd1,hs,0.47500000,8
6,gd1,wb,0.45357143,8
6,gd1,yz,0.45357143,8
6,hj,hs,0.80803571,8
6,hj,wb,0.84375000,8
6,hj,yz,0.86875000,8
6,hs,wb,0.96428571,8
6,hs,yz,0.93928571,8
6,wb,yz,0.97500000,8
7,ba,bb,0.14166667,10
7,ba,fy,0.58750000,10
7,ba,gd,0.33750000,10
7,ba,gd2,0.33750000,10
7,ba,hj,0.64583333,10
7,ba,hs,0.57500000,10
7,ba,wb,0.57500000,10
7,ba,yz,0.52500000,10
7,bb,fy,0.03333333,10
7,bb,gd,0.02500000,10
7,bb,gd2,0.02500000,10
7,bb,hj,0.19166667,10
7,bb,hs,0.05833333,10
7,bb,wb,0.08333333,10
7,bb,yz,0.05833333,10
7,fy,gd,0.37500000,10
7,fy,gd2,0.37500000,10
7,fy,hj,0.63333333,10
7,fy,hs,0.82916667,10
7,fy,wb,0.82916667,10
7,fy,yz,0.76666667,10
7,gd,gd2,0.88333333,10
7,gd,hj,0.26666667,10
7,gd,hs,0.39166667,10
7,gd,wb,0.39166667,10
7,gd,yz,0.32500000,10
7,gd2,hj,0.26666667,10
7,gd2,hs,0.39166667,10
7,gd2,wb,0.39166667,10
7,gd2,yz,0.32500000,10
7,hj,hs,0.67500000,10
7,hj,wb,0.70000000,10
7,hj,yz,0.55833333,10
7,hs,wb,0.97500000,10
7,hs,yz,0.86666667,10
7,wb,yz,0.84166667,10
8,ba,bb,0.42777778,9
8,ba,fy,0.76375661,9
8,ba,gd,0.22380952,5
8,ba,gd1,0.22380952,5
8,ba,hj,0.69126984,9
8,ba,hs,0.73042328,9
8,ba,wb,0.73839286,8
8,ba,yz,0.76746032,9
8,bb,fy,0.41587302,9
8,bb,gd,0.16666667,5
8,bb,gd1,0.16666667,5
8,bb,hj,0.38042328,9
8,bb,hs,0.37883598,9
8,bb,wb,0.38869048,8
8,bb,yz,0.41587302,9
8,fy,gd,0.30380952,5
8,fy,gd1,0.30380952,5
8,fy,hj,0.82380952,9
8,fy,hs,0.90000000,9
8,fy,wb,0.95416667,8
8,fy,yz,0.91481481,9
8,gd,gd1,0.97142857,5
8,gd,hj,0.33428571,5
8,gd,hs,0.28238095,5
8,gd,wb,0.33214286,4
8,gd,yz,0.37238095,5
8,gd1,hj,0.33428571,5
8,gd1,hs,0.28238095,5
8,gd1,wb,0.33214286,4
8,gd1,yz,0.37238095,5
8,hj,hs,0.78677249,9
8,hj,wb,0.84464286,8
8,hj,yz,0.80158730,9
8,hs,wb,0.93333333,8
8,hs,yz,0.94074074,9
8,wb,yz,0.95000000,8
9,ba,bb,0.51111111,9
9,ba,fy,0.41666667,9
9,ba,hj,0.51111111,9
9,ba,hs,0.37777778,9
9,ba,wb,0.37777778,9
9,ba,yz,0.35000000,9
9,bb,fy,0.47777778,9
9,bb,hj,0.46111111,9
9,bb,hs,0.46111111,9
9,bb,wb,0.46111111,9
9,bb,yz,0.43333333,9
9,fy,hj,0.57777778,9
9,fy,hs,0.80555556,9
9,fy,wb,0.76851852,9
9,fy,yz,0.76851852,9
9,hj,hs,0.58333333,9
9,hj,wb,0.58333333,9
9,hj,yz,0.55555556,9
9,hs,wb,0.96296296,9
9,hs,yz,0.96296296,9
9,wb,yz,0.92592593,9
10,ba,bb,0.10000000,2
10,ba,fy,0.10000000,2
10,ba,gd,0.00000000,2
10,ba,gd2,0.00000000,2
10,ba,hj,0.10000000,2
10,ba,hs,0.12500000,2
10,ba,wb,0.12500000,2
10,ba,yz,0.12500000,2
10,bb,fy,0.45833333,8
10,bb,gd,0.37000000,5
10,bb,gd2,0.37000000,5
10,bb,hj,0.46205357,8
10,bb,hs,0.47410714,8
10,bb,wb,0.47410714,8
10,bb,yz,0.40901361,7
10,fy,gd,0.50000000,5
10,fy,gd2,0.50000000,5
10,fy,hj,0.61875000,8
10,fy,hs,0.76577381,8
10,fy,wb,0.76577381,8
10,fy,yz,0.81785714,7
10,gd,gd2,0.95000000,5
10,gd,hj,0.40000000,5
10,gd,hs,0.43333333,5
10,gd,wb,0.43333333,5
10,gd,yz,0.29375000,4
10,gd2,hj,0.40000000,5
10,gd2,hs,0.43333333,5
10,gd2,wb,0.43333333,5
10,gd2,yz,0.29375000,4
10,hj,hs,0.58839286,8
10,hj,wb,0.58839286,8
10,hj,yz,0.63316327,7
10,hs,wb,1.00000000,8
10,hs,yz,0.75969388,7
10,wb,yz,0.75969388,7
11,ba,bb,0.20467033,13
11,ba,fy,0.40439560,13
11,ba,hj,0.43162393,13
11,ba,hs,0.37875458,13
11,ba,wb,0.39249084,13
11,ba,yz,0.39157509,13
11,bb,fy,0.37967033,13
11,bb,hj,0.42942613,13
11,bb,hs,0.36868132,13
11,bb,wb,0.36868132,13
11,bb,yz,0.34304029,13
11,fy,hj,0.61684982,13
11,fy,hs,0.76666667,13
11,fy,wb,0.80833333,13
11,fy,yz,0.86923077,13
11,hj,hs,0.61868132,13
11,hj,wb,0.62722833,13
11,hj,yz,0.63150183,13
11,hs,wb,0.91346154,13
11,hs,yz,0.79230769,13
11,wb,yz,0.78269231,13
12,ba,bb,0.48814815,15
12,ba,fy,0.52936508,15
12,ba,hj,0.54814815,15
12,ba,hs,0.47222222,15
12,ba,wb,0.48333333,15
12,ba,yz,0.51666667,15
12,bb,fy,0.42539683,15
12,bb,hj,0.50925926,15
12,bb,hs,0.40000000,15
12,bb,wb,0.40000000,15
12,bb,yz,0.43333333,15
12,fy,hj,0.77962963,15
12,fy,hs,0.86111111,15
12,fy,wb,0.90026455,15
12,fy,yz,0.88015873,15
12,hj,hs,0.70962963,15
12,hj,wb,0.73185185,15
12,hj,yz,0.75851852,15
12,hs,wb,0.95833333,15
12,hs,yz,0.88111111,15
12,wb,yz,0.90611111,15
13,ba,bb,0.55138889,16
13,ba,fy,0.55018939,16
13,ba,hj,0.67916667,16
13,ba,hs,0.54706439,16
13,ba,wb,0.56268939,16
13,ba,yz,0.53407407,15
13,bb,fy,0.53967803,16
13,bb,hj,0.61284722,16
13,bb,hs,0.53186553,16
13,bb,wb,0.56311553,16
13,bb,yz,0.51777778,15
13,fy,hj,0.74180871,16
13,fy,hs,0.91421569,17
13,fy,wb,0.94362745,17
13,fy,yz,0.84280303,16
13,hj,hs,0.76524621,16
13,hj,wb,0.76524621,16
13,hj,yz,0.71314815,15
13,hs,wb,0.97058824,17
13,hs,yz,0.90269886,16
13,wb,yz,0.88707386,16
14,ba,bb,0.63888889,18
14,ba,fy,0.63425926,18
14,ba,gd,0.34722222,6
14,ba,gd2,0.34722222,6
14,ba,hj,0.64814815,18
14,ba,hs,0.60185185,18
14,ba,wb,0.64351852,18
14,ba,yz,0.65740741,18
14,bb,fy,0.52192982,19
14,bb,gd,0.33333333,6
14,bb,gd2,0.33333333,6
14,bb,hj,0.54385965,19
14,bb,hs,0.51754386,19
14,bb,wb,0.54385965,19
14,bb,yz,0.54385965,19
14,fy,gd,0.33333333,6
14,fy,gd2,0.33333333,6
14,fy,hj,0.82456140,19
14,fy,hs,0.92543860,19
14,fy,wb,0.95175439,19
14,fy,yz,0.97807018,19
14,gd,gd2,0.95833333,6
14,gd,hj,0.38888889,6
14,gd,hs,0.33333333,6
14,gd,wb,0.33333333,6
14,gd,yz,0.33333333,6
14,gd2,hj,0.38888889,6
14,gd2,hs,0.33333333,6
14,gd2,wb,0.33333333,6
14,gd2,yz,0.33333333,6
14,hj,hs,0.77631579,19
14,hj,wb,0.80263158,19
14,hj,yz,0.82894737,19
14,hs,wb,0.94736842,19
14,hs,yz,0.94736842,19
14,wb,yz,0.97368421,19
15,ba,bb,0.55952381,14
15,ba,fy,0.45238095,14
15,ba,hj,0.48809524,14
15,ba,hs,0.45238095,14
15,ba,wb,0.45238095,14
15,ba,yz,0.45238095,14
15,bb,fy,0.64523810,14
15,bb,hj,0.70595238,14
15,bb,hs,0.63928571,14
15,bb,wb,0.66071429,14
15,bb,yz,0.64880952,14
15,fy,hj,0.76190476,14
15,fy,hs,0.85714286,14
15,fy,wb,0.87500000,14
15,fy,yz,0.77976190,14
15,hj,hs,0.81428571,14
15,hj,wb,0.83928571,14
15,hj,yz,0.83333333,14
15,hs,wb,0.93928571,14
15,hs,yz,0.88214286,14
15,wb,yz,0.87500000,14
16,ba,bb,0.19899749,19
16,ba,fy,0.29273810,20
16,ba,gd,0.22938596,19
16,ba,gd2,0.22938596,19
16,ba,hj,0.29458333,20
16,ba,hs,0.26357143,20
16,ba,wb,0.27071429,20
16,ba,yz,0.26357143,20
16,bb,fy,0.57180451,19
16,bb,gd,0.38209877,18
16,bb,gd2,0.38209877,18
16,bb,hj,0.70745614,19
16,bb,hs,0.54636591,19
16,bb,wb,0.56704261,19
16,bb,yz,0.56098580,19
16,fy,gd,0.44722222,19
16,fy,gd2,0.44722222,19
16,fy,hj,0.77180556,20
16,fy,hs,0.85638889,20
16,fy,wb,0.86174603,20
16,fy,yz,0.84527778,20
16,gd,gd2,0.92631579,19
16,gd,hj,0.38888889,19
16,gd,hs,0.37353801,19
16,gd,wb,0.38011696,19
16,gd,yz,0.36769006,19
16,gd2,hj,0.38888889,19
16,gd2,hs,0.37353801,19
16,gd2,wb,0.38011696,19
16,gd2,yz,0.36769006,19
16,hj,hs,0.76875000,20
16,hj,wb,0.80000000,20
16,hj,yz,0.79375000,20
16,hs,wb,0.96785714,20
16,hs,yz,0.93750000,20
16,wb,yz,0.95535714,20
17,ba,bb,0.52797619,16
17,ba,fy,0.56696429,16
17,ba,gd,0.48616402,15
17,ba,gd1,0.48616402,15
17,ba,hj,0.60808532,16
17,ba,hs,0.57500000,16
17,ba,wb,0.61875000,16
17,ba,yz,0.55699405,16
17,bb,fy,0.56230159,16
17,bb,gd,0.41801587,15
17,bb,gd1,0.41801587,15
17,bb,hj,0.61904762,16
17,bb,hs,0.56651786,16
17,bb,wb,0.60505952,16
17,bb,yz,0.54851190,16
17,fy,gd,0.48325397,15
17,fy,gd1,0.48325397,15
17,fy,hj,0.68779762,16
17,fy,hs,0.86293184,17
17,fy,wb,0.90214753,17
17,fy,yz,0.75999066,17
17,gd,gd1,0.91880952,15
17,gd,hj,0.56986772,15
17,gd,hs,0.45246032,15
17,gd,wb,0.51023810,15
17,gd,yz,0.45269841,15
17,gd1,hj,0.56986772,15
17,gd1,hs,0.45246032,15
17,gd1,wb,0.51023810,15
17,gd1,yz,0.45269841,15
17,hj,hs,0.67440476,16
17,hj,wb,0.73898810,16
17,hj,yz,0.64449405,16
17,hs,wb,0.90326797,17
17,hs,yz,0.80126050,17
17,wb,yz,0.80508870,17
18,ba,bb,0.67232143,16
18,ba,fy,0.55104167,16
18,ba,gd,0.58623512,16
18,ba,gd1,0.58623512,16
18,ba,hj,0.66979167,16
18,ba,hs,0.56041667,16
18,ba,wb,0.52916667,16
18,ba,yz,0.50625000,16
18,bb,fy,0.50401786,16
18,bb,gd,0.56852679,16
18,bb,gd1,0.56852679,16
18,bb,hj,0.64315476,16
18,bb,hs,0.52857143,16
18,bb,wb,0.50773810,16
18,bb,yz,0.48630952,16
18,fy,gd,0.38311012,16
18,fy,gd1,0.38311012,16
18,fy,hj,0.71458333,16
18,fy,hs,0.95416667,16
18,fy,wb,0.90208333,16
18,fy,yz,0.87916667,16
18,gd,gd1,0.92492560,16
18,gd,hj,0.54144345,16
18,gd,hs,0.40811012,16
18,gd,wb,0.37834821,16
18,gd,yz,0.37834821,16
18,gd1,hj,0.54144345,16
18,gd1,hs,0.40811012,16
18,gd1,wb,0.37834821,16
18,gd1,yz,0.37834821,16
18,hj,hs,0.72395833,16
18,hj,wb,0.69270833,16
18,hj,yz,0.66979167,16
18,hs,wb,0.93750000,16
18,hs,yz,0.90416667,16
18,wb,yz,0.92291667,16
19,ba,bb,0.51988796,17
19,ba,fy,0.47105509,17
19,ba,gd,0.41855742,17
19,ba,gd1,0.41855742,17
19,ba,hj,0.53130252,17
19,ba,hs,0.50805322,17
19,ba,wb,0.50805322,17
19,ba,yz,0.47443978,17
19,bb,fy,0.55770308,17
19,bb,gd,0.47675070,17
19,bb,gd1,0.47675070,17
19,bb,hj,0.63354342,17
19,bb,hs,0.60287115,17
19,bb,wb,0.58816527,17
19,bb,yz,0.56295518,17
19,fy,gd,0.44337068,17
19,fy,gd1,0.44337068,17
19,fy,hj,0.64337068,17
19,fy,hs,0.83373016,18
19,fy,wb,0.84761905,18
19,fy,yz,0.76134454,17
19,gd,gd1,0.94936975,17
19,gd,hj,0.61141457,17
19,gd,hs,0.43053221,17
19,gd,wb,0.43053221,17
19,gd,yz,0.47254902,17
19,gd1,hj,0.61141457,17
19,gd1,hs,0.43053221,17
19,gd1,wb,0.43053221,17
19,gd1,yz,0.47254902,17
19,hj,hs,0.67492997,17
19,hj,wb,0.66022409,17
19,hj,yz,0.71204482,17
19,hs,wb,0.97222222,18
19,hs,yz,0.88487395,17
19,wb,yz,0.91428571,17
20,ba,bb,0.34375000,8
20,ba,fy,0.28125000,8
20,ba,hj,0.25000000,8
20,ba,hs,0.31250000,8
20,ba,wb,0.31250000,8
20,ba,yz,0.31250000,8
20,bb,fy,0.41944444,18
20,bb,hj,0.28214286,14
20,bb,hs,0.40833333,18
20,bb,wb,0.40833333,18
20,bb,yz,0.34285714,14
20,fy,hj,0.48928571,14
20,fy,hs,0.82222222,18
20,fy,wb,0.85000000,18
20,fy,yz,0.82142857,14
20,hj,hs,0.50476190,14
20,hj,wb,0.50476190,14
20,hj,yz,0.50119048,14
20,hs,wb,0.90277778,18
20,hs,yz,0.87857143,14
20,wb,yz,0.93214286,14
21,ba,bb,0.51904762,5
21,ba,fy,0.60714286,5
21,ba,gd,0.43571429,5
21,ba,gd2,0.43571429,5
21,ba,hj,0.65571429,5
21,ba,hs,0.60714286,5
21,ba,wb,0.60714286,5
21,ba,yz,0.54523810,5
21,bb,fy,0.46367521,13
21,bb,gd,0.46817072,13
21,bb,gd2,0.46817072,13
21,bb,hj,0.59181929,13
21,bb,hs,0.47008547,13
21,bb,wb,0.47008547,13
21,bb,yz,0.50649351,11
21,fy,gd,0.41566767,13
21,fy,gd2,0.41566767,13
21,fy,hj,0.56172161,13
21,fy,hs,0.92170330,13
21,fy,wb,0.95512821,13
21,fy,yz,0.82792208,11
21,gd,gd2,0.84265734,13
21,gd,hj,0.47415917,13
21,gd,hs,0.43431568,13
21,gd,wb,0.43431568,13
21,gd,yz,0.44254231,11
21,gd2,hj,0.47415917,13
21,gd2,hs,0.43431568,13
21,gd2,wb,0.43431568,13
21,gd2,yz,0.44254231,11
21,hj,hs,0.56813187,13
21,hj,wb,0.56813187,13
21,hj,yz,0.71380952,15
21,hs,wb,0.96657509,13
21,hs,yz,0.86363636,11
21,wb,yz,0.83549784,11
22,ba,bb,0.62116402,9
22,ba,fy,0.53941799,9
22,ba,hj,0.58121693,9
22,ba,hs,0.54682540,9
22,ba,wb,0.54682540,9
22,ba,yz,0.54682540,9
22,bb,fy,0.69867725,9
22,bb,hj,0.76375661,9
22,bb,hs,0.71349206,9
22,bb,wb,0.71349206,9
22,bb,yz,0.65714286,9
22,fy,hj,0.89417989,9
22,fy,hs,0.96296296,9
22,fy,wb,0.96296296,9
22,fy,yz,0.90462963,9
22,hj,hs,0.92380952,9
22,hj,wb,0.90899471,9
22,hj,yz,0.85264550,9
22,hs,wb,0.95925926,9
22,hs,yz,0.90092593,9
22,wb,yz,0.94166667,9
23,ba,bb,0.54494048,16
23,ba,fy,0.54265873,16
23,ba,hj,0.53616071,16
23,ba,hs,0.58820106,15
23,ba,wb,0.60153439,15
23,ba,yz,0.54153439,15
23,bb,fy,0.55989583,16
23,bb,hj,0.51815476,16
23,bb,hs,0.55880952,15
23,bb,wb,0.57214286,15
23,bb,yz,0.54325397,15
23,fy,hj,0.53229167,16
23,fy,hs,0.86611111,15
23,fy,wb,0.85277778,15
23,fy,yz,0.78179894,15
23,hj,hs,0.52000000,15
23,hj,wb,0.53333333,15
23,hj,yz,0.47444444,15
23,hs,wb,0.98666667,15
23,hs,yz,0.82314815,15
23,wb,yz,0.83425926,15
24,ba,bb,0.73412698,16
24,ba,fy,0.66413690,16
24,ba,hj,0.81741363,17
24,ba,hs,0.68891369,16
24,ba,wb,0.70262897,16
24,ba,yz,0.70262897,16
24,bb,fy,0.65431548,16
24,bb,hj,0.74280754,16
24,bb,hs,0.64384921,16
24,bb,wb,0.66364087,16
24,bb,yz,0.67971230,16
24,fy,hj,0.78219246,16
24,fy,hs,0.84360119,16
24,fy,wb,0.88683036,16
24,fy,yz,0.88571429,16
24,hj,hs,0.77884425,16
24,hj,wb,0.80505952,16
24,hj,yz,0.83005952,16
24,hs,wb,0.93628472,16
24,hs,yz,0.89871032,16
24,wb,yz,0.93013393,16
25,ba,bb,0.19665179,16
25,ba,fy,0.50957672,15
25,ba,gd,0.43163265,7
25,ba,gd1,0.43163265,7
25,ba,hj,0.51279762,16
25,ba,hs,0.49142857,15
25,ba,wb,0.46142857,15
25,ba,yz,0.45571429,15
25,bb,fy,0.25037037,15
25,bb,gd,0.26258503,7
25,bb,gd1,0.26258503,7
25,bb,hj,0.26696429,16
25,bb,hs,0.24865079,15
25,bb,wb,0.24865079,15
25,bb,yz,0.16412698,15
25,fy,gd,0.39965986,7
25,fy,gd1,0.39965986,7
25,fy,hj,0.81169312,15
25,fy,hs,0.92899471,15
25,fy,wb,0.90899471,15
25,fy,yz,0.85439153,15
25,gd,gd1,0.91530612,7
25,gd,hj,0.36394558,7
25,gd,hs,0.41394558,7
25,gd,wb,0.41394558,7
25,gd,yz,0.35884354,7
25,gd1,hj,0.36394558,7
25,gd1,hs,0.41394558,7
25,gd1,wb,0.41394558,7
25,gd1,yz,0.35884354,7
25,hj,hs,0.82555556,15
25,hj,wb,0.80388889,15
25,hj,yz,0.75650794,15
25,hs,wb,0.95333333,15
25,hs,yz,0.87095238,15
25,wb,yz,0.82428571,15
26,ba,bb,0.70000000,5
26,ba,fy,0.39285714,7
26,ba,gd,0.38888889,9
26,ba,gd1,0.38888889,9
26,ba,hj,0.52142857,7
26,ba,hs,0.35714286,7
26,ba,wb,0.35714286,7
26,ba,yz,0.46428571,7
26,bb,fy,0.58333333,6
26,bb,gd,0.29166667,6
26,bb,gd1,0.29166667,6
26,bb,hj,0.75000000,6
26,bb,hs,0.54166667,6
26,bb,wb,0.54166667,6
26,bb,yz,0.66666667,6
26,fy,gd,0.26071429,12
26,fy,gd1,0.26071429,12
26,fy,hj,0.70416667,12
26,fy,hs,0.84027778,12
26,fy,wb,0.84027778,12
26,fy,yz,0.77777778,12
26,gd,gd1,0.85416667,16
26,gd,hj,0.31567460,12
26,gd,hs,0.24484127,12
26,gd,wb,0.24484127,12
26,gd,yz,0.23988095,12
26,gd1,hj,0.31567460,12
26,gd1,hs,0.24484127,12
26,gd1,wb,0.24484127,12
26,gd1,yz,0.23988095,12
26,hj,hs,0.64583333,12
26,hj,wb,0.64583333,12
26,hj,yz,0.72916667,12
26,hs,wb,0.97916667,12
26,hs,yz,0.84166667,12
26,wb,yz,0.82083333,12
27,ba,bb,0.46822917,16
27,ba,fy,0.45816327,14
27,ba,gd,0.19537130,13
27,ba,gd1,0.19537130,13
27,ba,gd3,0.27040816,14
27,ba,hj,0.55096726,16
27,ba,hs,0.47423469,14
27,ba,wb,0.47423469,14
27,ba,yz,0.46403061,14
27,bb,fy,0.70223923,14
27,bb,gd,0.44292929,13
27,bb,gd1,0.44292929,13
27,bb,gd3,0.41870748,14
27,bb,hj,0.67812500,16
27,bb,hs,0.68350340,14
27,bb,wb,0.71524943,14
27,bb,yz,0.68052721,14
27,fy,gd,0.42793873,13
27,fy,gd1,0.42793873,13
27,fy,gd3,0.44104308,14
27,fy,hj,0.83920068,14
27,fy,hs,0.93642290,14
27,fy,wb,0.95229592,14
27,fy,yz,0.90399660,14
27,gd,gd1,0.97179487,13
27,gd,gd3,0.47376512,13
27,gd,hj,0.44631480,13
27,gd,hs,0.40864691,13
27,gd,wb,0.42574093,13
27,gd,yz,0.39582640,13
27,gd1,gd3,0.47376512,13
27,gd1,hj,0.44631480,13
27,gd1,hs,0.40864691,13
27,gd1,wb,0.42574093,13
27,gd1,yz,0.39582640,13
27,gd3,hj,0.45671769,14
27,gd3,hs,0.47967687,14
27,gd3,wb,0.46578798,14
27,gd3,yz,0.45884354,14
27,hj,hs,0.80841837,14
27,hj,wb,0.83562925,14
27,hj,yz,0.80459184,14
27,hs,wb,0.98412698,14
27,hs,yz,0.95595238,14
27,wb,yz,0.95000000,14
28,ba,bb,0.64950980,17
28,ba,fy,0.55980392,17
28,ba,hj,0.47500000,17
28,ba,hs,0.43235294,17
28,ba,wb,0.47156863,17
28,ba,yz,0.42058824,17
28,bb,fy,0.65098039,17
28,bb,hj,0.55392157,17
28,bb,hs,0.52941176,17
28,bb,wb,0.56274510,17
28,bb,yz,0.52647059,17
28,fy,hj,0.54019608,17
28,fy,hs,0.81960784,17
28,fy,wb,0.83137255,17
28,fy,yz,0.80686275,17
28,hj,hs,0.57549020,17
28,hj,wb,0.55294118,17
28,hj,yz,0.56078431,17
28,hs,wb,0.92450980,17
28,hs,yz,0.94411765,17
28,wb,yz,0.87058824,17
29,ba,bb,0.69727633,12
29,ba,fy,0.50856181,12
29,ba,gd,0.38203163,12
29,ba,gd1,0.38203163,12
29,ba,hj,0.55379690,12
29,ba,hs,0.49615500,12
29,ba,wb,0.47763648,12
29,ba,yz,0.47165103,12
29,bb,fy,0.59250541,12
29,bb,gd,0.40532407,12
29,bb,gd1,0.40532407,12
29,bb,hj,0.65888348,12
29,bb,hs,0.56405423,12
29,bb,wb,0.55479497,12
29,bb,yz,0.52632275,12
29,fy,gd,0.35850168,12
29,fy,gd1,0.35850168,12
29,fy,hj,0.79088805,12
29,fy,hs,0.89642256,12
29,fy,wb,0.87261304,12
29,fy,yz,0.66171837,12
29,gd,gd1,0.98214286,14
29,gd,hj,0.37674062,12
29,gd,hs,0.38009259,12
29,gd,wb,0.38009259,12
29,gd,yz,0.34553571,12
29,gd1,hj,0.37674062,12
29,gd1,hs,0.38009259,12
29,gd1,wb,0.38009259,12
29,gd1,yz,0.34553571,12
29,hj,hs,0.73541366,12
29,hj,wb,0.72615440,12
29,hj,yz,0.61233165,12
29,hs,wb,0.97619048,12
29,hs,yz,0.68974868,12
29,wb,yz,0.67546296,12
30,ba,bb,0.57500000,24
30,ba,fy,0.41805556,24
30,ba,hj,0.57916667,24
30,ba,hs,0.47152778,24
30,ba,wb,0.47708333,24
30,ba,yz,0.46875000,24
30,bb,fy,0.55769231,26
30,bb,hj,0.71666667,26
30,bb,hs,0.58910256,26
30,bb,wb,0.59826007,26
30,bb,yz,0.55961538,26
30,fy,hj,0.65448718,26
30,fy,hs,0.84871795,26
30,fy,wb,0.84413919,26
30,fy,yz,0.82628205,26
30,hj,hs,0.66730769,26
30,hj,wb,0.67463370,26
30,hj,yz,0.63141026,26
30,hs,wb,0.98040293,26
30,hs,yz,0.92115385,26
30,wb,yz,0.91401099,26
31,ba,bb,0.82172619,8
31,ba,fy,0.72916667,8
31,ba,hj,0.77083333,8
31,ba,hs,0.67857143,8
31,ba,wb,0.73958333,8
31,ba,yz,0.67708333,8
31,bb,fy,0.70416667,8
31,bb,hj,0.78005952,8
31,bb,hs,0.67440476,8
31,bb,wb,0.71755952,8
31,bb,yz,0.63422619,8
31,fy,hj,0.79166667,8
31,fy,hs,0.90128968,8
31,fy,wb,0.90625000,8
31,fy,yz,0.84375000,8
31,hj,hs,0.82440476,8
31,hj,wb,0.88541667,8
31,hj,yz,0.78125000,8
31,hs,wb,0.93303571,8
31,hs,yz,0.87053571,8
31,wb,yz,0.93750000,8
32,ba,bb,0.68046045,11
32,ba,fy,0.59405090,11
32,ba,hj,0.62894530,11
32,ba,hs,0.45617211,11
32,ba,wb,0.45617211,11
32,ba,yz,0.50383999,9
32,bb,fy,0.67142857,11
32,bb,hj,0.67272727,11
32,bb,hs,0.51601732,11
32,bb,wb,0.51601732,11
32,bb,yz,0.63068783,9
32,fy,hj,0.86060606,11
32,fy,hs,0.77012987,11
32,fy,wb,0.77012987,11
32,fy,yz,0.91164021,9
32,hj,hs,0.70757576,11
32,hj,wb,0.70757576,11
32,hj,yz,0.78333333,9
32,hs,wb,0.96969697,11
32,hs,yz,0.85185185,9
32,wb,yz,0.85185185,9
33,ba,bb,0.61717172,11
33,ba,fy,0.61630592,11
33,ba,hj,0.57128427,11
33,ba,hs,0.51572872,11
33,ba,wb,0.53391053,11
33,ba,yz,0.57128427,11
33,bb,fy,0.57146465,11
33,bb,hj,0.59343434,11
33,bb,hs,0.58106061,11
33,bb,wb,0.59924242,11
33,bb,yz,0.61161616,11
33,fy,hj,0.76861472,11
33,fy,hs,0.79292929,11
33,fy,wb,0.77020202,11
33,fy,yz,0.81818182,11
33,hj,hs,0.73730159,11
33,hj,wb,0.76002886,11
33,hj,yz,0.82402597,11
33,hs,wb,0.97727273,11
33,hs,yz,0.86565657,11
33,wb,yz,0.86565657,11
34,ba,bb,0.64642857,7
34,ba,fy,0.63061224,7
34,ba,hj,0.38265306,7
34,ba,hs,0.39591837,7
34,ba,wb,0.39591837,7
34,ba,yz,0.39591837,7
34,bb,fy,0.70119048,7
34,bb,hj,0.48809524,7
34,bb,hs,0.49761905,7
34,bb,wb,0.49761905,7
34,bb,yz,0.49761905,7
34,fy,hj,0.57407407,9
34,fy,hs,0.76111111,9
34,fy,wb,0.76111111,9
34,fy,yz,0.76111111,9
34,hj,hs,0.52962963,9
34,hj,wb,0.52962963,9
34,hj,yz,0.52962963,9
34,hs,wb,1.00000000,9
34,hs,yz,1.00000000,9
34,wb,yz,1.00000000,9
35,ba,bb,0.54232804,9
35,ba,fy,0.39682540,9
35,ba,hj,0.48492063,9
35,ba,hs,0.34021164,9
35,ba,wb,0.34021164,9
35,ba,yz,0.31798942,9
35,bb,fy,0.65096200,9
35,bb,hj,0.67239057,9
35,bb,hs,0.58424723,9
35,bb,wb,0.58424723,9
35,bb,yz,0.56572872,9
35,fy,hj,0.66392496,9
35,fy,hs,0.76481481,9
35,fy,wb,0.78703704,9
35,fy,yz,0.74259259,9
35,hj,hs,0.74906205,9
35,hj,wb,0.74906205,9
35,hj,yz,0.72683983,9
35,hs,wb,0.92222222,9
35,hs,yz,0.90000000,9
35,wb,yz,0.95555556,9
36,ba,bb,0.28956044,13
36,ba,fy,0.28241758,13
36,ba,hj,0.22857143,13
36,ba,hs,0.28241758,13
36,ba,wb,0.28241758,13
36,ba,yz,0.28241758,13
36,bb,fy,0.78846154,13
36,bb,hj,0.76538462,13
36,bb,hs,0.76923077,13
36,bb,wb,0.78846154,13
36,bb,yz,0.76794872,13
36,fy,hj,0.83333333,13
36,fy,hs,0.96785714,14
36,fy,wb,0.98571429,14
36,fy,yz,0.93846154,13
36,hj,hs,0.81410256,13
36,hj,wb,0.83333333,13
36,hj,yz,0.78717949,13
36,hs,wb,0.98214286,14
36,hs,yz,0.91923077,13
36,wb,yz,0.93846154,13
37,ba,bb,0.65079365,12
37,ba,fy,0.51623377,11
37,ba,hj,0.65692641,11
37,ba,hs,0.54329004,11
37,ba,wb,0.54329004,11
37,ba,yz,0.56060606,11
37,bb,fy,0.59870130,11
37,bb,hj,0.75129870,11
37,bb,hs,0.60714286,11
37,bb,wb,0.61580087,11
37,bb,yz,0.69805195,11
37,fy,hj,0.71396104,11
37,fy,hs,0.78971861,11
37,fy,wb,0.83300866,11
37,fy,yz,0.83300866,11
37,hj,hs,0.70281385,11
37,hj,wb,0.72316017,11
37,hj,yz,0.75129870,11
37,hs,wb,0.95670996,11
37,hs,yz,0.83333333,11
37,wb,yz,0.88311688,11
38,ba,bb,0.85757576,11
38,ba,fy,0.63138528,11
38,ba,hj,0.80909091,11
38,ba,hs,0.67121212,11
38,ba,wb,0.61818182,11
38,ba,yz,0.70422078,11
38,bb,fy,0.66742424,11
38,bb,hj,0.84653680,11
38,bb,hs,0.70010823,11
38,bb,wb,0.64707792,11
38,bb,yz,0.69199134,11
38,fy,hj,0.72478355,11
38,fy,hs,0.84837662,11
38,fy,wb,0.79534632,11
38,fy,yz,0.67492785,11
38,hj,hs,0.70032468,11
38,hj,wb,0.64729437,11
38,hj,yz,0.72846320,11
38,hs,wb,0.93939394,11
38,hs,yz,0.76082251,11
38,wb,yz,0.70779221,11
39,ba,bb,0.76666667,11
39,ba,fy,0.56634921,10
39,ba,hj,0.72734127,10
39,ba,hs,0.68821429,10
39,ba,wb,0.68821429,10
39,ba,yz,0.60678571,10
39,bb,fy,0.62162698,10
39,bb,hj,0.78523810,10
39,bb,hs,0.68904762,10
39,bb,wb,0.68904762,10
39,bb,yz,0.59325397,10
39,fy,hj,0.71130952,10
39,fy,hs,0.80849206,10
39,fy,wb,0.78349206,10
39,fy,yz,0.73392857,10
39,hj,hs,0.80353175,10
39,hj,wb,0.80353175,10
39,hj,yz,0.68234127,10
39,hs,wb,0.97500000,10
39,hs,yz,0.87880952,10
39,wb,yz,0.85380952,10
40,ba,bb,0.31815018,15
40,ba,fy,0.42219780,15
40,ba,hj,0.44617216,15
40,ba,hs,0.40288156,15
40,ba,wb,0.41621490,15
40,ba,yz,0.38251526,15
40,bb,fy,0.54841880,15
40,bb,hj,0.63730159,15
40,bb,hs,0.53833333,15
40,bb,wb,0.53833333,15
40,bb,yz,0.51246032,15
40,fy,hj,0.75642247,15
40,fy,hs,0.86923077,15
40,fy,wb,0.88256410,15
40,fy,yz,0.77551893,15
40,hj,hs,0.74731602,15
40,hj,wb,0.74731602,15
40,hj,yz,0.70017316,15
40,hs,wb,0.97333333,15
40,hs,yz,0.81232804,15
40,wb,yz,0.82566138,15
41,ba,bb,0.44437229,22
41,ba,fy,0.57018398,22
41,ba,hj,0.62548701,22
41,ba,hs,0.53317100,22
41,ba,wb,0.52808442,22
41,ba,yz,0.54702381,22
41,bb,fy,0.51369048,22
41,bb,hj,0.53376623,22
41,bb,hs,0.43923160,22
41,bb,wb,0.44718615,22
41,bb,yz,0.46233766,22
41,fy,hj,0.84090909,22
41,fy,hs,0.83663420,22
41,fy,wb,0.82539683,22
41,fy,yz,0.84332612,22
41,hj,hs,0.78587662,22
41,hj,wb,0.77564935,22
41,hj,yz,0.81125541,22
41,hs,wb,0.94204545,22
41,hs,yz,0.86022727,22
41,wb,yz,0.87828283,22
42,ba,bb,0.65251323,15
42,ba,fy,0.44090909,15
42,ba,hj,0.56343915,15
42,ba,hs,0.43333333,15
42,ba,wb,0.44351852,15
42,ba,yz,0.52944444,15
42,bb,fy,0.59085859,15
42,bb,hj,0.74925926,15
42,bb,hs,0.56481481,15
42,bb,wb,0.59814815,15
42,bb,yz,0.67500000,15
42,fy,hj,0.74752525,15
42,fy,hs,0.85535354,15
42,fy,wb,0.89510101,15
42,fy,yz,0.86454545,15
42,hj,hs,0.75796296,15
42,hj,wb,0.76592593,15
42,hj,yz,0.83981481,15
42,hs,wb,0.93518519,15
42,hs,yz,0.83500000,15
42,wb,yz,0.89611111,15
43,ba,bb,0.46875000,8
43,ba,fy,0.28125000,8
43,ba,hj,0.43750000,8
43,ba,hs,0.34375000,8
43,ba,wb,0.34375000,8
43,ba,yz,0.44791667,8
43,bb,fy,0.66222222,15
43,bb,hj,0.76000000,15
43,bb,hs,0.69555556,15
43,bb,wb,0.69555556,15
43,bb,yz,0.75111111,15
43,fy,hj,0.64555556,15
43,fy,hs,0.95000000,15
43,fy,wb,0.95000000,15
43,fy,yz,0.78333333,15
43,hj,hs,0.66222222,15
43,hj,wb,0.66222222,15
43,hj,yz,0.70444444,15
43,hs,wb,1.00000000,15
43,hs,yz,0.82777778,15
43,wb,yz,0.82777778,15
44,ba,bb,0.72500000,16
44,ba,fy,0.56696429,16
44,ba,hj,0.78437500,16
44,ba,hs,0.56250000,16
44,ba,wb,0.56250000,16
44,bb,fy,0.44196429,16
44,bb,hj,0.61562500,16
44,bb,hs,0.43750000,16
44,bb,wb,0.43750000,16
44,fy,hj,0.65074405,16
44,fy,hs,0.99218750,16
44,fy,wb,0.99218750,16
44,hj,hs,0.66302083,16
44,hj,wb,0.66302083,16
44,hs,wb,1.00000000,16
45,ba,bb,0.77391975,18
45,ba,fy,0.52401961,17
45,ba,gd,0.59794585,17
45,ba,gd1,0.59794585,17
45,ba,hj,0.61535948,17
45,ba,hs,0.49754902,17
45,ba,wb,0.51225490,17
45,bb,fy,0.58753501,17
45,bb,gd,0.67619048,17
45,bb,gd1,0.67619048,17
45,bb,hj,0.75016340,17
45,bb,hs,0.57226891,17
45,bb,wb,0.60168067,17
45,fy,gd,0.46190476,17
45,fy,gd1,0.46190476,17
45,fy,hj,0.67952848,17
45,fy,hs,0.86415344,18
45,fy,wb,0.82526455,18
45,gd,gd1,0.99346405,17
45,gd,hj,0.61671335,17
45,gd,hs,0.46330532,17
45,gd,wb,0.48683473,17
45,gd1,hj,0.61671335,17
45,gd1,hs,0.46330532,17
45,gd1,wb,0.48683473,17
45,hj,hs,0.66090103,17
45,hj,wb,0.69031279,17
45,hs,wb,0.95833333,18
46,ba,bb,0.31920635,15
46,ba,fy,0.27125850,14
46,ba,hj,0.29142857,15
46,ba,hs,0.27287415,14
46,ba,wb,0.29379252,14
46,ba,xr,0.23571429,11
46,bb,fy,0.73367347,14
46,bb,hj,0.77492063,15
46,bb,hs,0.71462585,14
46,bb,wb,0.73197279,14
46,bb,xr,0.57445887,11
46,fy,hj,0.87278912,14
46,fy,hs,0.90206349,15
46,fy,wb,0.92492063,15
46,fy,xr,0.75904762,10
46,hj,hs,0.89430272,14
46,hj,wb,0.89022109,14
46,hj,xr,0.76580087,11
46,hs,wb,0.97555556,15
46,hs,xr,0.84809524,10
46,wb,xr,0.81809524,10
47,ba,bb,0.49924242,11
47,ba,fy,0.48787879,11
47,ba,hj,0.49545455,11
47,ba,hs,0.49242424,11
47,ba,wb,0.51060606,11
47,ba,xr,0.44500000,10
47,bb,fy,0.55606061,11
47,bb,hj,0.62575758,11
47,bb,hs,0.56060606,11
47,bb,wb,0.59696970,11
47,bb,xr,0.51083333,10
47,fy,hj,0.65454545,11
47,fy,hs,0.85757576,11
47,fy,wb,0.92121212,11
47,fy,xr,0.77333333,10
47,hj,hs,0.66666667,11
47,hj,wb,0.70303030,11
47,hj,xr,0.62333333,10
47,hs,wb,0.91818182,11
47,hs,xr,0.77333333,10
47,wb,xr,0.79333333,10
48,ba,bb,0.79333333,10
48,ba,fy,0.69500000,10
48,ba,gd,0.37500000,4
48,ba,gd1,0.37500000,4
48,ba,hj,0.76000000,10
48,ba,hs,0.67000000,10
48,ba,wb,0.65000000,10
48,ba,xr,0.61666667,10
48,bb,fy,0.73333333,10
48,bb,gd,0.53750000,4
48,bb,gd1,0.53750000,4
48,bb,hj,0.79833333,10
48,bb,hs,0.70833333,10
48,bb,wb,0.68833333,10
48,bb,xr,0.65500000,10
48,fy,gd,0.43750000,4
48,fy,gd1,0.43750000,4
48,fy,hj,0.81500000,10
48,fy,hs,0.95000000,10
48,fy,wb,0.93000000,10
48,fy,xr,0.87666667,10
48,gd,gd1,0.93750000,4
48,gd,hj,0.50000000,4
48,gd,hs,0.56250000,4
48,gd,wb,0.56250000,4
48,gd,xr,0.56250000,4
48,gd1,hj,0.50000000,4
48,gd1,hs,0.56250000,4
48,gd1,wb,0.56250000,4
48,gd1,xr,0.56250000,4
48,hj,hs,0.84000000,10
48,hj,wb,0.82000000,10
48,hj,xr,0.78666667,10
48,hs,wb,0.98000000,10
48,hs,xr,0.92666667,10
48,wb,xr,0.92666667,10
49,ba,bb,0.80595238,14
49,ba,fy,0.71785714,14
49,ba,hj,0.75476190,14
49,ba,hs,0.69404762,14
49,ba,wb,0.70833333,14
49,ba,xr,0.65119048,14
49,bb,fy,0.71904762,14
49,bb,hj,0.75595238,14
49,bb,hs,0.69523810,14
49,bb,wb,0.70714286,14
49,bb,xr,0.62619048,14
49,fy,hj,0.86190476,14
49,fy,hs,0.96428571,14
49,fy,wb,0.94047619,14
49,fy,xr,0.85873016,14
49,hj,hs,0.83809524,14
49,hj,wb,0.83809524,14
49,hj,xr,0.73333333,14
49,hs,wb,0.95238095,14
49,hs,xr,0.86587302,14
49,wb,xr,0.83015873,14
50,ba,bb,0.83680556,12
50,ba,fy,0.71180556,12
50,ba,hj,0.80347222,12
50,ba,hs,0.74375000,12
50,ba,wb,0.74375000,12
50,ba,xr,0.73333333,12
50,bb,fy,0.77884615,13
50,bb,hj,0.91346154,13
50,bb,hs,0.81794872,13
50,bb,wb,0.81794872,13
50,bb,xr,0.79871795,13
50,fy,hj,0.82371795,13
50,fy,hs,0.87243590,13
50,fy,wb,0.87243590,13
50,fy,xr,0.85961538,13
50,hj,hs,0.88205128,13
50,hj,wb,0.88205128,13
50,hj,xr,0.81153846,13
50,hs,wb,1.00000000,13
50,hs,xr,0.91987179,13
50,wb,xr,0.91987179,13
51,ba,bb,0.61500000,10
51,ba,fy,0.39000000,10
51,ba,gd,0.46500000,10
51,ba,gd1,0.46500000,10
51,ba,hj,0.51000000,10
51,ba,hs,0.39000000,10
51,ba,wb,0.41500000,10
51,ba,xr,0.39000000,10
51,bb,fy,0.56500000,10
51,bb,gd,0.64000000,10
51,bb,gd1,0.64000000,10
51,bb,hj,0.74000000,10
51,bb,hs,0.56500000,10
51,bb,wb,0.64000000,10
51,bb,xr,0.59000000,10
51,fy,gd,0.48000000,10
51,fy,gd1,0.48000000,10
51,fy,hj,0.72500000,10
51,fy,hs,0.82500000,10
51,fy,wb,0.85000000,10
51,fy,xr,0.75000000,10
51,gd,gd1,1.00000000,10
51,gd,hj,0.58500000,10
51,gd,hs,0.45500000,10
51,gd,wb,0.50500000,10
51,gd,xr,0.48500000,10
51,gd1,hj,0.58500000,10
51,gd1,hs,0.45500000,10
51,gd1,wb,0.50500000,10
51,gd1,xr,0.48500000,10
51,hj,hs,0.72500000,10
51,hj,wb,0.80000000,10
51,hj,xr,0.70000000,10
51,hs,wb,0.90000000,10
51,hs,xr,0.80000000,10
51,wb,xr,0.75000000,10
52,ba,bb,0.30000000,16
52,ba,fy,0.25312500,16
52,ba,hj,0.25937500,16
52,ba,hs,0.23437500,16
52,ba,wb,0.26562500,16
52,ba,xr,0.23437500,16
52,bb,fy,0.70625000,16
52,bb,hj,0.73437500,16
52,bb,hs,0.62187500,16
52,bb,wb,0.69062500,16
52,bb,xr,0.44062500,16
52,fy,hj,0.65312500,16
52,fy,hs,0.85000000,17
52,fy,wb,0.93823529,17
52,fy,xr,0.65000000,17
52,hj,hs,0.65000000,16
52,hj,wb,0.63437500,16
52,hj,xr,0.48437500,16
52,hs,wb,0.86764706,17
52,hs,xr,0.68627451,17
52,wb,xr,0.67647059,17
53,ba,bb,0.56060606,11
53,ba,fy,0.49090909,11
53,ba,hj,0.49545455,11
53,ba,hs,0.49090909,11
53,ba,wb,0.49090909,11
53,ba,xr,0.61666667,11
53,bb,fy,0.59090909,11
53,bb,hj,0.69393939,11
53,bb,hs,0.59090909,11
53,bb,wb,0.59090909,11
53,bb,xr,0.70909091,11
53,fy,hj,0.76969697,11
53,fy,hs,1.00000000,11
53,fy,wb,1.00000000,11
53,fy,xr,0.82727273,11
53,hj,hs,0.76969697,11
53,hj,wb,0.76969697,11
53,hj,xr,0.67727273,11
53,hs,wb,1.00000000,11
53,hs,xr,0.82727273,11
53,wb,xr,0.82727273,11
54,ba,bb,0.73115079,8
54,ba,fy,0.27619048,7
54,ba,hj,0.59591837,7
54,ba,hs,0.27619048,7
54,ba,wb,0.27619048,7
54,ba,xr,0.27619048,7
54,bb,fy,0.33333333,7
54,bb,hj,0.65306122,7
54,bb,hs,0.33333333,7
54,bb,wb,0.33333333,7
54,bb,xr,0.33333333,7
54,fy,hj,0.49325397,7
54,fy,hs,1.00000000,7
54,fy,wb,0.98412698,7
54,fy,xr,0.98412698,7
54,hj,hs,0.49325397,7
54,hj,wb,0.49325397,7
54,hj,xr,0.49325397,7
54,hs,wb,0.98412698,7
54,hs,xr,0.98412698,7
54,wb,xr,0.96825397,7
55,ba,bb,0.81889881,16
55,ba,fy,0.69680060,16
55,ba,gd,0.45483631,16
55,ba,gd2,0.45483631,16
55,ba,hj,0.66473214,16
55,ba,hs,0.65543155,16
55,ba,wb,0.71309524,16
55,ba,xr,0.69333333,15
55,bb,fy,0.77507440,16
55,bb,gd,0.51376488,16
55,bb,gd2,0.51376488,16
55,bb,hj,0.74761905,16
55,bb,hs,0.73102679,16
55,bb,wb,0.79002976,16
55,bb,xr,0.74714286,15
55,fy,gd,0.47767857,16
55,fy,gd2,0.47767857,16
55,fy,hj,0.83236607,16
55,fy,hs,0.86770833,16
55,fy,wb,0.88370536,16
55,fy,xr,0.80492063,15
55,gd,gd2,0.95104167,16
55,gd,hj,0.49813988,16
55,gd,hs,0.43154762,16
55,gd,wb,0.47507440,16
55,gd,xr,0.45555556,15
55,gd2,hj,0.49813988,16
55,gd2,hs,0.43154762,16
55,gd2,wb,0.47507440,16
55,gd2,xr,0.45555556,15
55,hj,hs,0.84709821,16
55,hj,wb,0.88020833,16
55,hj,xr,0.81428571,15
55,hs,wb,0.89397321,16
55,hs,xr,0.82063492,15
55,wb,xr,0.88206349,15
56,ba,bb,0.72246377,23
56,ba,fy,0.41591479,19
56,ba,hj,0.49782609,23
56,ba,hs,0.46957672,18
56,ba,wb,0.45568783,18
56,ba,xr,0.50383598,18
56,bb,fy,0.48784461,19
56,bb,hj,0.60724638,23
56,bb,hs,0.53994709,18
56,bb,wb,0.52605820,18
56,bb,xr,0.56031746,18
56,fy,hj,0.56265664,19
56,fy,hs,0.90833333,18
56,fy,wb,0.93148148,18
56,fy,xr,0.79298942,18
56,hj,hs,0.61058201,18
56,hj,wb,0.60595238,18
56,hj,xr,0.55449735,18
56,hs,wb,0.96296296,18
56,hs,xr,0.83835979,18
56,wb,xr,0.83835979,18
57,ba,bb,0.55833333,16
57,ba,fy,0.35672269,17
57,ba,gd,0.15915751,13
57,ba,gd1,0.15915751,13
57,ba,hj,0.34859944,17
57,ba,hs,0.35532213,17
57,ba,wb,0.33515406,17
57,ba,xr,0.36400560,17
57,bb,fy,0.49806548,16
57,bb,gd,0.33708791,13
57,bb,gd1,0.33708791,13
57,bb,hj,0.46889881,16
57,bb,hs,0.41979167,16
57,bb,wb,0.41086310,16
57,bb,xr,0.48735119,16
57,fy,gd,0.29908425,13
57,fy,gd1,0.29908425,13
57,fy,hj,0.54943978,17
57,fy,hs,0.77156863,17
57,fy,wb,0.79313725,17
57,fy,xr,0.72170868,17
57,gd,gd1,0.94436508,15
57,gd,hj,0.34579365,15
57,gd,hs,0.33825397,15
57,gd,wb,0.32492063,15
57,gd,xr,0.27857143,13
57,gd1,hj,0.34579365,15
57,gd1,hs,0.33825397,15
57,gd1,wb,0.32492063,15
57,gd1,xr,0.27857143,13
57,hj,hs,0.63408521,19
57,hj,wb,0.64160401,19
57,hj,xr,0.47591036,17
57,hs,wb,0.94210526,19
57,hs,xr,0.66554622,17
57,wb,xr,0.68515406,17
58,ba,bb,0.65277778,24
58,ba,fy,0.46742424,22
58,ba,gd,0.37500000,8
58,ba,gd1,0.37500000,8
58,ba,hj,0.55277778,24
58,ba,hs,0.50681818,22
58,ba,wb,0.47651515,22
58,ba,xr,0.39924242,22
58,bb,fy,0.53939394,22
58,bb,gd,0.39583333,8
58,bb,gd1,0.39583333,8
58,bb,hj,0.58750000,24
58,bb,hs,0.61287879,22
58,bb,wb,0.59015152,22
58,bb,xr,0.50530303,22
58,fy,gd,0.15000000,8
58,fy,gd1,0.15000000,8
58,fy,hj,0.51363636,22
58,fy,hs,0.87727273,22
58,fy,wb,0.89090909,22
58,fy,xr,0.80303030,22
58,gd,gd1,0.88125000,8
58,gd,hj,0.23750000,8
58,gd,hs,0.20625000,8
58,gd,wb,0.14375000,8
58,gd,xr,0.15000000,8
58,gd1,hj,0.23750000,8
58,gd1,hs,0.20625000,8
58,gd1,wb,0.14375000,8
58,gd1,xr,0.15000000,8
58,hj,hs,0.54545455,22
58,hj,wb,0.51363636,22
58,hj,xr,0.43787879,22
58,hs,wb,0.96818182,22
58,hs,xr,0.80530303,22
58,wb,xr,0.81893939,22
59,ba,bb,0.72313988,32
59,ba,fy,0.64715822,31
59,ba,gd,0.29802956,29
59,ba,gd1,0.10595238,10
59,ba,gd3,0.39912281,19
59,ba,hj,0.75230415,31
59,ba,hs,0.62135177,31
59,ba,wb,0.63264209,31
59,ba,xr,0.67204301,31
59,bb,fy,0.58187404,31
59,bb,gd,0.41297209,29
59,bb,gd1,0.13095238,10
59,bb,gd3,0.56140351,19
59,bb,hj,0.75529954,31
59,bb,hs,0.58563748,31
59,bb,wb,0.58617512,31
59,bb,xr,0.63632873,31
59,fy,gd,0.28247126,29
59,fy,gd1,0.16500000,10
59,fy,gd3,0.34429825,19
59,fy,hj,0.75937020,31
59,fy,hs,0.87012289,31
59,fy,wb,0.86098310,31
59,fy,xr,0.85691244,31
59,gd,gd1,0.89404762,10
59,gd,gd3,0.87719298,19
59,gd,hj,0.37356322,29
59,gd,hs,0.28304598,29
59,gd,wb,0.29396552,29
59,gd,xr,0.29495074,29
59,gd1,hj,0.19166667,10
59,gd1,hs,0.18750000,10
59,gd1,wb,0.18750000,10
59,gd1,xr,0.16785714,10
59,gd3,hj,0.46929825,19
59,gd3,hs,0.33333333,19
59,gd3,wb,0.35000000,19
59,gd3,xr,0.36184211,19
59,hj,hs,0.78137481,31
59,hj,wb,0.76470814,31
59,hj,xr,0.79731183,31
59,hs,wb,0.94946237,31
59,hs,xr,0.92845622,31
59,wb,xr,0.89566052,31
60,ba,bb,0.50369458,29
60,ba,fy,0.35928571,30
60,ba,gd,0.35170068,7
60,ba,gd2,0.35170068,7
60,ba,hj,0.38722222,30
60,ba,hs,0.33349206,30
60,ba,wb,0.32682540,30
60,ba,xr,0.41216931,27
60,bb,fy,0.52873563,29
60,bb,gd,0.53197279,7
60,bb,gd2,0.53197279,7
60,bb,hj,0.57266010,29
60,bb,hs,0.51486043,29
60,bb,wb,0.48842365,29
60,bb,xr,0.58479853,26
60,fy,gd,0.45408163,7
60,fy,gd2,0.45408163,7
60,fy,hj,0.51293651,30
60,fy,hs,0.79563492,30
60,fy,wb,0.78007937,30
60,fy,xr,0.72848325,27
60,gd,gd2,0.94387755,7
60,gd,hj,0.46394558,7
60,gd,hs,0.45408163,7
60,gd,wb,0.41836735,7
60,gd,xr,0.45408163,7
60,gd2,hj,0.46394558,7
60,gd2,hs,0.45408163,7
60,gd2,wb,0.41836735,7
60,gd2,xr,0.45408163,7
60,hj,hs,0.54087302,30
60,hj,wb,0.52753968,30
60,hj,xr,0.57469136,27
60,hs,wb,0.91523810,30
60,hs,xr,0.73615520,27
60,wb,xr,0.69541446,27
61,ba,bb,0.72810458,17
61,ba,fy,0.53921569,17
61,ba,hj,0.65163399,17
61,ba,hs,0.56045752,17
61,ba,wb,0.50980392,17
61,ba,xr,0.57142857,14
61,bb,fy,0.53333333,17
61,bb,hj,0.66111111,17
61,bb,hs,0.55457516,17
61,bb,wb,0.50392157,17
61,bb,xr,0.54761905,14
61,fy,hj,0.66045752,17
61,fy,hs,0.81699346,17
61,fy,wb,0.85457516,17
61,fy,xr,0.61904762,14
61,hj,hs,0.66699346,17
61,hj,wb,0.61633987,17
61,hj,xr,0.60119048,14
61,hs,wb,0.86111111,17
61,hs,xr,0.73055556,14
61,wb,xr,0.70119048,14
62,ba,bb,0.77512175,16
62,ba,fy,0.62471591,16
62,ba,hj,0.71991342,16
62,ba,hs,0.64862689,16
62,ba,wb,0.66946023,16
62,ba,xr,0.61745130,16
62,bb,fy,0.67002841,16
62,bb,hj,0.77913961,16
62,bb,hs,0.69393939,16
62,bb,wb,0.69393939,16
62,bb,xr,0.70257035,16
62,fy,hj,0.72518939,16
62,fy,hs,0.88177083,16
62,fy,wb,0.90260417,16
62,fy,xr,0.73385417,16
62,hj,hs,0.72826705,16
62,hj,wb,0.74910038,16
62,hj,xr,0.69478490,16
62,hs,wb,0.97916667,16
62,hs,xr,0.80416667,16
62,wb,xr,0.78333333,16
63,ba,bb,0.84871795,13
63,ba,fy,0.56965812,13
63,ba,hj,0.74393939,11
63,ba,hs,0.67222222,13
63,ba,wb,0.66196581,13
63,ba,xr,0.62380952,8
63,bb,fy,0.63632479,13
63,bb,hj,0.84848485,11
63,bb,hs,0.73632479,13
63,bb,wb,0.72863248,13
63,bb,xr,0.67619048,8
63,fy,hj,0.73259259,15
63,fy,hs,0.78596491,19
63,fy,wb,0.82368421,19
63,fy,xr,0.65337302,12
63,hj,hs,0.73925926,15
63,hj,wb,0.77370370,15
63,hj,xr,0.73404762,10
63,hs,wb,0.96754386,19
63,hs,xr,0.76130952,12
63,wb,xr,0.75575397,12
64,ba,bb,0.85370370,9
64,ba,fy,0.70317460,9
64,ba,hj,0.68703704,9
64,ba,hs,0.67539683,9
64,ba,wb,0.71111111,9
64,ba,xr,0.56481481,9
64,bb,fy,0.71984127,9
64,bb,hj,0.72222222,9
64,bb,hs,0.69206349,9
64,bb,wb,0.72777778,9
64,bb,xr,0.49259259,9
64,fy,hj,0.75317460,9
64,fy,hs,0.95000000,10
64,fy,wb,0.98571429,10
64,fy,xr,0.75142857,10
64,hj,hs,0.72539683,9
64,hj,wb,0.76111111,9
64,hj,xr,0.55925926,9
64,hs,wb,0.93571429,10
64,hs,xr,0.72642857,10
64,wb,xr,0.76333333,10
65,ba,bb,0.68968254,21
65,ba,fy,0.55782313,21
65,ba,gd,0.38673469,21
65,ba,gd1,0.38673469,21
65,ba,hj,0.49444444,21
65,ba,hs,0.61224490,21
65,ba,wb,0.61224490,21
65,ba,xr,0.56666667,21
65,bb,fy,0.69750567,21
65,bb,gd,0.50181406,21
65,bb,gd1,0.50181406,21
65,bb,hj,0.67142857,21
65,bb,hs,0.75192744,21
65,bb,wb,0.74240363,21
65,bb,xr,0.71269841,21
65,fy,gd,0.41530612,21
65,fy,gd1,0.41530612,21
65,fy,hj,0.58322511,22
65,fy,hs,0.90530303,22
65,fy,wb,0.89621212,22
65,fy,xr,0.85140693,22
65,gd,gd1,0.83843537,21
65,gd,hj,0.55895692,21
65,gd,hs,0.45102041,21
65,gd,wb,0.45578231,21
65,gd,xr,0.41609977,21
65,gd1,hj,0.55895692,21
65,gd1,hs,0.45102041,21
65,gd1,wb,0.45578231,21
65,gd1,xr,0.41609977,21
65,hj,hs,0.62759740,22
65,hj,wb,0.61850649,22
65,hj,xr,0.57348485,22
65,hs,wb,0.99090909,22
65,hs,xr,0.86547619,22
65,wb,xr,0.87456710,22
66,ba,bb,0.74976190,10
66,ba,fy,0.56928571,10
66,ba,hj,0.71476190,10
66,ba,hs,0.52523810,10
66,ba,wb,0.55023810,10
66,ba,xr,0.53008658,9
66,bb,fy,0.66357143,10
66,bb,hj,0.81833333,10
66,bb,hs,0.66452381,10
66,bb,wb,0.68952381,10
66,bb,xr,0.66897547,9
66,fy,hj,0.72023810,10
66,fy,hs,0.84785714,10
66,fy,wb,0.87285714,10
66,fy,xr,0.86161616,9
66,hj,hs,0.72619048,10
66,hj,wb,0.75119048,10
66,hj,xr,0.71897547,9
66,hs,wb,0.97500000,10
66,hs,xr,0.87987013,9
66,wb,xr,0.90764791,9
67,ba,bb,0.80645363,19
67,ba,fy,0.48354342,17
67,ba,hj,0.62443609,19
67,ba,hs,0.44932306,17
67,ba,wb,0.45772642,17
67,ba,xr,0.47023810,17
67,bb,fy,0.51981793,17
67,bb,hj,0.64862155,19
67,bb,hs,0.48811858,17
67,bb,wb,0.49652194,17
67,bb,xr,0.51743697,17
67,fy,hj,0.56001401,17
67,fy,hs,0.86851852,18
67,fy,wb,0.87777778,18
67,fy,xr,0.81018519,18
67,hj,hs,0.52145191,17
67,hj,wb,0.52985528,17
67,hj,xr,0.57913165,17
67,hs,wb,0.99074074,18
67,hs,xr,0.84166667,18
67,wb,xr,0.83240741,18
68,ba,bb,0.50738440,23
68,ba,fy,0.42484127,20
68,ba,hj,0.61134921,20
68,ba,hs,0.42484127,20
68,ba,wb,0.42484127,20
68,ba,xr,0.45154321,18
68,bb,fy,0.32833333,20
68,bb,hj,0.58452381,20
68,bb,hs,0.31833333,20
68,bb,wb,0.32833333,20
68,bb,xr,0.35171958,18
68,fy,hj,0.49541667,20
68,fy,hs,0.95952381,21
68,fy,wb,0.98095238,21
68,fy,xr,0.89561404,19
68,hj,hs,0.48708333,20
68,hj,wb,0.49541667,20
68,hj,xr,0.52169312,18
68,hs,wb,0.97857143,21
68,hs,xr,0.87192982,19
68,wb,xr,0.89561404,19
69,ba,bb,0.64935897,13
69,ba,fy,0.58888889,13
69,ba,hj,0.56666667,14
69,ba,hs,0.61282051,13
69,ba,wb,0.61282051,13
69,ba,xr,0.59743590,13
69,bb,fy,0.62083333,12
69,bb,hj,0.61987179,13
69,bb,hs,0.58958333,12
69,bb,wb,0.58958333,12
69,bb,xr,0.57291667,12
69,fy,hj,0.76324786,13
69,fy,hs,0.86709402,13
69,fy,wb,0.86709402,13
69,fy,xr,0.86709402,13
69,hj,hs,0.80641026,13
69,hj,wb,0.80641026,13
69,hj,xr,0.80000000,13
69,hs,wb,0.96153846,13
69,hs,xr,0.89102564,13
69,wb,xr,0.89102564,13
70,ba,bb,0.69158730,15
70,ba,fy,0.49031746,15
70,ba,gd,0.54479167,8
70,ba,gd1,0.54479167,8
70,ba,hj,0.62551020,14
70,ba,hs,0.50492063,15
70,ba,wb,0.49380952,15
70,ba,xr,0.48761905,15
70,bb,fy,0.46476190,15
70,bb,gd,0.52916667,8
70,bb,gd1,0.52916667,8
70,bb,hj,0.57500000,14
70,bb,hs,0.48269841,15
70,bb,wb,0.47158730,15
70,bb,xr,0.51206349,15
70,fy,gd,0.54241071,8
70,fy,gd1,0.54241071,8
70,fy,hj,0.59965986,14
70,fy,hs,0.89464286,16
70,fy,wb,0.88571429,16
70,fy,xr,0.86825397,15
70,gd,gd1,0.91203704,9
70,gd,hj,0.60476190,7
70,gd,hs,0.56979167,8
70,gd,wb,0.54479167,8
70,gd,xr,0.58854167,8
70,gd1,hj,0.60476190,7
70,gd1,hs,0.56979167,8
70,gd1,wb,0.54479167,8
70,gd1,xr,0.58854167,8
70,hj,hs,0.66955782,14
70,hj,wb,0.65527211,14
70,hj,xr,0.64744898,14
70,hs,wb,0.98750000,16
70,hs,xr,0.79111111,15
70,wb,xr,0.78000000,15
71,ba,bb,0.71714286,25
71,ba,fy,0.67476190,25
71,ba,gd,0.51503968,20
71,ba,gd3,0.51503968,20
71,ba,hj,0.73584127,25
71,ba,hs,0.68219048,25
71,ba,wb,0.69085714,25
71,ba,xr,0.65701587,25
71,bb,fy,0.52804762,25
71,bb,gd,0.44170635,20
71,bb,gd3,0.44170635,20
71,bb,hj,0.52369841,25
71,bb,hs,0.50847619,25
71,bb,wb,0.52514286,25
71,bb,xr,0.47996825,25
71,fy,gd,0.44313492,20
71,fy,gd3,0.44313492,20
71,fy,hj,0.57805250,26
71,fy,hs,0.76219048,25
71,fy,wb,0.75885714,25
71,fy,xr,0.79236874,26
71,gd,gd3,0.85544218,21
71,gd,hj,0.47375000,20
71,gd,hs,0.46119048,20
71,gd,wb,0.46952381,20
71,gd,xr,0.43797619,20
71,gd3,hj,0.47375000,20
71,gd3,hs,0.46119048,20
71,gd3,wb,0.46952381,20
71,gd3,xr,0.43797619,20
71,hj,hs,0.64647619,25
71,hj,wb,0.62980952,25
71,hj,xr,0.60123626,26
71,hs,wb,0.96400000,25
71,hs,xr,0.80123810,25
71,wb,xr,0.78523810,25
72,ba,bb,0.59540043,22
72,ba,fy,0.54550866,22
72,ba,gd,0.30314626,14
72,ba,gd1,0.30314626,14
72,ba,hj,0.50654762,22
72,ba,hs,0.49821429,22
72,ba,wb,0.49404762,22
72,ba,xr,0.46103896,22
72,bb,fy,0.73376623,22
72,bb,gd,0.43010204,14
72,bb,gd1,0.43010204,14
72,bb,hj,0.69994589,22
72,bb,hs,0.69123377,22
72,bb,wb,0.67191558,22
72,bb,xr,0.63630952,22
72,fy,gd,0.37236395,14
72,fy,gd1,0.37236395,14
72,fy,hj,0.72299784,22
72,fy,hs,0.84080087,22
72,fy,wb,0.86390693,22
72,fy,xr,0.85102814,22
72,gd,gd1,0.88333333,14
72,gd,hj,0.47559524,14
72,gd,hs,0.40000000,14
72,gd,wb,0.37312925,14
72,gd,xr,0.34625850,14
72,gd1,hj,0.47559524,14
72,gd1,hs,0.40000000,14
72,gd1,wb,0.37312925,14
72,gd1,xr,0.34625850,14
72,hj,hs,0.82721861,22
72,hj,wb,0.80860390,22
72,hj,xr,0.73436147,22
72,hs,wb,0.93744589,22
72,hs,xr,0.87229437,22
72,wb,xr,0.86883117,22
73,ba,bb,0.72727273,11
73,ba,fy,0.44015152,11
73,ba,hj,0.62979798,11
73,ba,hs,0.47222222,10
73,ba,wb,0.49186508,10
73,ba,xr,0.47469136,9
73,bb,fy,0.48282828,11
73,bb,hj,0.68939394,11
73,bb,hs,0.53083333,10
73,bb,wb,0.53619048,10
73,bb,xr,0.53827160,9
73,fy,hj,0.62546296,12
73,fy,hs,0.73080808,11
73,fy,wb,0.77463925,11
73,fy,xr,0.72138889,10
73,hj,hs,0.66085859,11
73,hj,wb,0.66897547,11
73,hj,xr,0.64666667,10
73,hs,wb,0.94318182,11
73,hs,xr,0.82527778,10
73,wb,xr,0.78777778,10
74,ba,bb,0.83008658,11
74,ba,fy,0.66233766,11
74,ba,gd,0.50324675,11
74,ba,gd3,0.50324675,11
74,ba,hj,0.70021645,11
74,ba,hs,0.66991342,11
74,ba,wb,0.65476190,11
74,ba,xr,0.58658009,11
74,bb,fy,0.72294372,11
74,bb,gd,0.58982684,11
74,bb,gd3,0.58982684,11
74,bb,hj,0.76082251,11
74,bb,hs,0.73051948,11
74,bb,wb,0.71536797,11
74,bb,xr,0.67532468,11
74,fy,gd,0.60151515,11
74,fy,gd3,0.60151515,11
74,fy,hj,0.85000000,11
74,fy,hs,0.90606061,11
74,fy,wb,0.88787879,11
74,fy,xr,0.73939394,11
74,gd,gd3,0.94696970,11
74,gd,hj,0.68333333,11
74,gd,hs,0.61666667,11
74,gd,wb,0.59848485,11
74,gd,xr,0.53787879,11
74,gd3,hj,0.68333333,11
74,gd3,hs,0.61666667,11
74,gd3,wb,0.59848485,11
74,gd3,xr,0.53787879,11
74,hj,hs,0.84696970,11
74,hj,wb,0.83181818,11
74,hj,xr,0.70606061,11
74,hs,wb,0.98181818,11
74,hs,xr,0.73939394,11
74,wb,xr,0.72121212,11
75,ba,bb,0.81250000,12
75,ba,fy,0.64814815,12
75,ba,hj,0.79398148,12
75,ba,hs,0.70277778,12
75,ba,wb,0.70277778,12
75,ba,xr,0.58541667,12
75,bb,fy,0.67592593,12
75,bb,hj,0.83564815,12
75,bb,hs,0.73518519,12
75,bb,wb,0.73518519,12
75,bb,xr,0.62361111,12
75,fy,hj,0.73842593,12
75,fy,hs,0.90185185,12
75,fy,wb,0.90185185,12
75,fy,xr,0.86712963,12
75,hj,hs,0.79768519,12
75,hj,wb,0.79768519,12
75,hj,xr,0.69305556,12
75,hs,wb,0.97916667,12
75,hs,xr,0.85138889,12
75,wb,xr,0.85138889,12
76,ba,bb,0.61402116,9
76,ba,fy,0.36388889,9
76,ba,gd,0.25625000,8
76,ba,gd1,0.31875000,8
76,ba,hj,0.56604938,9
76,ba,hs,0.37500000,9
76,ba,wb,0.38981481,9
76,ba,xr,0.33055556,9
76,bb,fy,0.51953263,9
76,bb,gd,0.25763889,8
76,bb,gd1,0.25763889,8
76,bb,hj,0.68797619,10
76,bb,hs,0.53514109,9
76,bb,wb,0.55842152,9
76,bb,xr,0.51397707,9
76,fy,gd,0.26145833,8
76,fy,gd1,0.26145833,8
76,fy,hj,0.55895062,9
76,fy,hs,0.84320988,9
76,fy,wb,0.87222222,9
76,fy,xr,0.81543210,9
76,gd,gd1,0.95312500,8
76,gd,hj,0.32916667,8
76,gd,hs,0.26145833,8
76,gd,wb,0.34479167,8
76,gd,xr,0.21145833,8
76,gd1,hj,0.32916667,8
76,gd1,hs,0.26145833,8
76,gd1,wb,0.34479167,8
76,gd1,xr,0.21145833,8
76,hj,hs,0.57932099,9
76,hj,wb,0.59783951,9
76,hj,xr,0.52993827,9
76,hs,wb,0.89691358,9
76,hs,xr,0.78086420,9
76,wb,xr,0.76543210,9
